Player,Market Value
Brenden Aaronson,€14.00m
Yunis Abdelhamid,€500k
Himad Abdelli,€7.00m
Salis Abdul Samed,€5.50m
Laurent Abergel,€2.50m
Oliver Abildgaard,€1.50m
Matthis Abline,€12.00m
Abner,€9.00m
Zakaria Aboukhlal,€12.00m
Tammy Abraham,€15.00m
Francesco Acerbi,€3.00m
Mohamed Achi,€150k
Marcos Acuña,€2.50m
Che Adams,€15.00m
Tyler Adams,€18.00m
Sargis Adamyan,€450k
Tosin Adarabioyo,€20.00m
Martin Adeline,€900k
Karim Adeyemi,€40.00m
Amine Adli,€22.00m
Yacine Adli,€15.00m
Michel Aebischer,€10.00m
Felix Afena-Gyan,€2.00m
Emmanuel Agbadou,€17.00m
Lucien Agoume,€7.00m
Felix Agu,€6.00m
Álvaro Aguado,€2.00m
Kevin Agudelo,€4.00m
Nayef Aguerd,€25.00m
Ruben Aguilar,€4.00m
Naouirou Ahamada,€5.00m
Amar Ahmed,-
Jean-Eudes Aholou,€2.00m
Joseph Aidoo,€1.40m
Ola Aina,€20.00m
Rayan Aït Nouri,Not Found
Emanuel Aiwum,Not Found
Kristoffer Ajer,€18.00m
Ludovic Ajorque,€4.00m
Manuel Akanji,€32.00m
Nathan Aké,€32.00m
Sergio Akieme,€7.00m
Maghnes Akliouche,€40.00m
Paul Akouokou,€800k
Jean-Daniel Akpa-Akpro,Not Found
Kevin Akpoguma,€2.50m
David Alaba,€10.00m
Tomás Alarcón,€600k
Lucas Alario,€1.20m
Jordi Alba,€2.00m
Luis Alberto,€2.80m
Raúl Albiol,€1.30m
Marc Albrighton,-
Thiago Alcántara,-
Carlos Alcaraz,€14.00m
Rubén Alcaraz,€700k
Omar Alderete,€8.00m
Iván Alejo,€1.50m
Doðan Alemdar,Not Found
Carles Aleñá,€2.50m
Trent Alexander-Arnold,€75.00m
Alejandro Alfaro,-
Ángel Algobia,€800k
Mohamed Ali Cho,€15.00m
Faride Alidou,€1.50m
Alisson,€25.00m
Jim Allevinah,€1.80m
Dele Alli,€3.50m
Domingos André Ribeiro Almeida,€8.00m
Miguel Almirón,€16.00m
Marcos Alonso,€1.80m
Mickaël Alphonse,-
Éder Álvarez Balanta,Not Found
Carlos Álvarez,€4.00m
Gastón Álvarez,€10.00m
Julián Álvarez,€90.00m
Agustín Álvarez Martínez,€4.00m
Yeray Álvarez,€7.50m
Ibrahim Amadou,€900k
Daniel Amartey,€2.50m
Amath,€1.00m
Jordan Amavi,€2.00m
Kelvin Amian,€2.50m
Bruno Amione,€3.00m
Nadiem Amiri,€18.00m
Ethan Ampadu,€16.00m
Sofyan Amrabat,€20.00m
Joachim Andersen,€32.00m
Elliot Anderson,€30.00m
Felipe Anderson,€5.00m
Benjamin André,€6.00m
Komnen Andri?,€850k
Robert Andrich,€15.00m
Angeliño,€15.00m
Fabrizio Angileri,€700k
Jaidon Anthony,€5.50m
Janis Antiste,€1.70m
Waldemar Anton,€18.00m
Marcos Antônio,-
Michail Antonio,€1.00m
Antony,€20.00m
Valentin Antov,€2.00m
Christopher Antwi-Adjei,€600k
Anuar,€900k
Houssem Aouar,€9.00m
Adil Aouchiche,€2.50m
Dennis Appiah,€900k
Mauro Arambarri,€7.00m
Charles Aránguiz,€1.20m
Ronald Araújo,€50.00m
Cameron Archer,€14.00m
Taïryk Arconte,€600k
Alphonse Areola,€10.00m
Joe Aribo,€6.00m
Adam Armstrong,€14.00m
Stuart Armstrong,€1.50m
Marko Arnautovi?,€3.50m
Maximilian Arnold,€7.00m
Kepa Arrizabalaga,€11.00m
Roberto Arroyo,€300k
Tolgay Arslan,€900k
Arthur,€5.00m
Santiago Arzamendia,€1.60m
Takuma Asano,€2.50m
Santiago Ascacíbar,€6.00m
Sergio Asenjo,-
Marco Asensio,€20.00m
Kristoffer Askildsen,€1.00m
Fisnik Asllani,€4.00m
Kristjan Asllani,€15.00m
Iago Aspas,€2.50m
Lorenz Assignon,€9.00m
Youcef Atal,€4.00m
Pierre-Emerick Aubameyang,€4.00m
Emil Audero,€5.00m
Tommaso Augello,€1.80m
Ludwig Augustinsson,€3.50m
Serge Aurier,€1.50m
Mathias Autret,€200k
Ezequiel Ávila,€2.50m
Cédric Avinel,-
Taiwo Awoniyi,€18.00m
Mehmet-Can Aydin,Not Found
André Ayew,€700k
Jordan Ayew,€3.50m
Kaan Ayhan,€4.20m
Luke Ayling,€600k
Ayman Azhil,€700k
Sardar Azmoun,€7.50m
César Azpilicueta,€1.80m
Sanoussy Ba,€400k
Iddrisu Baba,€1.80m
Sr?an Babi?,€6.00m
Loïc Bade,€30.00m
Édgar Badía,€700k
Benoît Badiashile,€25.00m
Alex Baena,€50.00m
Jaime Báez,€700k
Leon Bailey,€32.00m
Eric Bailly,€2.50m
Dénys Bain,-
Brandon Baiye,€600k
Stefan Bajcetic,€9.00m
Nedim Bajrami,€4.00m
Cédric Bakambu,€1.80m
Mitchel Bakker,€7.00m
Ridle Baku,€7.00m
Tommaso Baldanzi,€14.00m
Alejandro Balde,€60.00m
Thierno Balde,€1.50m
Carlos Baleba,€35.00m
Mikel Balenziaga,-
Leonardo Balerdi,€20.00m
Iván Balliu,€1.50m
Fodé Ballo-Touré,€1.50m
Folarin Balogun,€20.00m
Abdoulaye Bamba,€350k
Jonathan Bamba,€4.00m
Patrick Bamford,€3.50m
Lameck Banda,€6.00m
Filippo Bandinelli,€1.20m
Léo Baptistão,€1.00m
Shandon Baptiste,€2.50m
Antonín Barák,€3.00m
Andrea Barberis,€150k
Bradley Barcola,€70.00m
Melvin Bard,€12.00m
Keidi Bare,€2.50m
Nicolò Barella,€80.00m
Kike Barja,€1.80m
Ross Barkley,€8.00m
Aymen Barkok,€700k
Harvey Barnes,€30.00m
Leandro Barreiro Martins,€15.00m
Ander Barrenetxea,€18.00m
Mickaël Barreto,Not Found
Pablo Barrios,€50.00m
Musa Barrow,€7.00m
Federico Baschirotto,€3.80m
Toma Bai?,Not Found
Gil Bastião Dias,€1.50m
Alessandro Bastoni,€80.00m
Simone Bastoni,€1.00m
Rodrigo Battaglia,€1.00m
Maximilian Bauer,€3.00m
Oliver Baumann,€3.00m
Timo Baumgartl,€450k
Julian Baumgartlinger,-
Christoph Baumgartner,€15.00m
Cyrille Bayala,€600k
Brian Bayeye,€400k
Noah Joel Sarenren Bazee,€300k
Gavin Bazunu,€11.00m
Bebé,-
Ihlas Bebou,€2.80m
Rodrigo Becão,€6.50m
Mads Bech Sørensen,€3.50m
Julius Beck,€350k
Sheraldo Becker,€4.00m
Jan Bednarek,€11.00m
Donny van de Beek,€7.50m
Asmir Begovi?,€300k
Yanis Begraoui,€1.50m
Kevin Behrens,€1.50m
Alexis Beka Beka,€1.00m
Jérémie Bela,€400k
Youcef Belaïli,€1.80m
Haris Belkebla,€2.00m
Stefan Bell,€800k
Armel Bella Kotchap,€12.00m
Raoul Bellanova,€22.00m
Karim Bellarabi,-
Jean-Ricner Bellegarde,€18.00m
Héctor Bellerín,€3.00m
Jude Bellingham,€180.00m
Jeanöel Belocian,Not Found
Andrea Belotti,€2.00m
Fran Beltrán,€6.00m
Eliesse Ben Seghir,€30.00m
Salim Ben Seghir,€400k
Wissam Ben Yedder,€2.50m
Marco Benassi,€300k
Ismaël Bennacer,€15.00m
Saïd Benrahma,€15.00m
Ramy Bensebaini,€7.00m
Nabil Bentaleb,€8.00m
Rodrigo Bentancur,€30.00m
Karim Benzema,€8.00m
Domenico Berardi,€10.00m
Yuri Berchiche,€1.50m
Álex Berenguer,€12.00m
Bartosz Bereszy?ski,€1.00m
Patrick Berg,€5.00m
Mitchell van Bergen,€1.50m
Mergim Berisha,€5.00m
Quentin Bernard,€150k
Paul Bernardoni,€2.80m
Juan Bernat,€2.50m
Victor Bernth Kristiansen,Not Found
Jason Berthomier,€150k
Beto,-
Owen Bevan,-
Matteo Bianchetti,€500k
Alessandro Bianco,€5.00m
Giulian Biancone,€2.50m
Ermin Bi?ak?i?,€400k
Pedro Bigas,€500k
Jaka Bijol,€18.00m
El Bilal Touré,€17.00m
Philip Billing,€12.00m
Jean-Claude Billong,€150k
Cristiano Biraghi,€2.00m
Samuele Birindelli,€3.00m
Veljko Birman?evi?,€6.00m
Tom Bischof,€25.00m
Yves Bissouma,€28.00m
Kristijan Bistrovi?,€1.80m
Leonardo Bittencourt,€2.00m
Marco Bizot,€3.50m
Blanco,-
Lautaro Blanco,€3.80m
Rubén Blanco,€1.50m
Ludovic Blas,€18.00m
Janis Blaswich,€1.00m
Miha Bla?i?,€500k
Joaquín Blázquez,€225k
Alexis Blin,€1.50m
Daley Blind,€2.00m
Myron Boadu,€7.00m
Jérôme Boateng,€200k
Kevin-Prince Boateng,-
Antonin Bobichon,€500k
Jean-Paul Boëtius,€400k
Jeremie Boga,€12.00m
Emil Bohinen,€1.80m
Quentin Boisgard,€600k
Willy Boly,€2.00m
Giacomo Bonaventura,€2.50m
Federico Bonazzoli,€1.30m
Warren Bondo,€10.00m
Theo Bongonda,€6.00m
Kevin Bonifazi,€1.00m
Leonardo Bonucci,-
Neto Borges,€3.00m
Yvandro Borges Sanches,€500k
Sebastiaan Bornauw,€7.00m
Rafael Borré,€8.00m
Erik Botheim,€4.00m
Sven Botman,€45.00m
Kenji-Van Boto,€400k
Kouamé Botué,Not Found
Badredine Bouanani,€5.00m
Hicham Boudaoui,€10.00m
Franci Bouebari,€225k
Sofiane Boufal,€4.50m
Wassim Boullif,Not Found
Yassine Bounou,€6.50m
Ismaëlben Boura,Not Found
Mehdi Bourabia,€650k
Benjamin Bourigeaud,€15.00m
Edoardo Bove,€5.00m
Jarrod Bowen,€45.00m
Lucas Boyé,€3.50m
Jayden Braaf,€800k
Domagoj Bradari?,€4.00m
Bilal Brahimi,€2.00m
Martin Braithwaite,€3.00m
Juan Brandáriz,€1.80m
Julian Brandt,€25.00m
Darko Braanac,Not Found
Lilian Brassier,€10.00m
Claudio Bravo,-
Fabian Bredlow,€1.00m
James Bree,€2.50m
Josip Brekalo,€3.40m
Gleison Bremer,€50.00m
Armando Broja,€13.00m
Dylan Bronn,€1.30m
John Brooks,€500k
Moritz Broschinski,€2.50m
Marcelo Brozovi?,€12.00m
Cédric Brunner,-
Lewis Brunt,€600k
Jacob Bruun Larsen,€6.00m
Andreas Bruus,€900k
Bryan,€50.00m
Joe Bryan,€1.00m
Lee Buchanan,€1.80m
Ante Budimir,€5.00m
Emi Buendía,€18.00m
Hugo Bueno,€8.00m
Santiago Bueno,€8.00m
Adam Buksa,€6.00m
Marius Bülter,€2.50m
Cristian Buonaiuto,€400k
Facundo Buonanotte,€22.00m
Alessandro Buongiorno,€45.00m
Delano Burgzorg,€2.20m
Jonathan Burkardt,€35.00m
Oliver Burke,€1.80m
Dan Burn,€7.00m
Maxime Busi,€1.20m
Sergio Busquets,€1.80m
Aurélio Buta,€5.00m
Marcin Bu?ka,€20.00m
Jamie Bynoe-Gittens,€50.00m
Juan Cabal,€9.00m
Rémy Cabella,€3.00m
Jimmy Cabot,-
Leandro Cabrera,€1.00m
Liberato Cacace,€3.00m
Anthony Caci,€10.00m
Cafú,-
Moisés Caicedo,€80.00m
Tom Cairney,€2.00m
Jens Cajuste,€12.00m
Cala,-
Davide Calabria,€7.50m
Mattia Caldara,€800k
Luca Caldirola,€800k
Fernando Calero,€1.50m
Duje ?aleta-Car,€8.00m
Hakan Çalhanoðlu,Not Found
Kerim Calhanoglu,€250k
Daniel Caligiuri,-
Alexander Callens,€1.00m
Dominic Calvert-Lewin,€20.00m
Mahdi Camara,€10.00m
Mohamed Camara,€16.00m
Ousmane Camara,€4.00m
Eduardo Camavinga,€70.00m
Nicolò Cambiaghi,€7.00m
Andrea Cambiaso,€40.00m
Axel Camblan,€400k
Sergio Camello,€3.50m
Chem Campbell,€900k
Emre Can,€7.00m
Sergio Canales,€6.50m
Matteo Cancellieri,€5.00m
João Cancelo,€18.00m
Antonio Candreva,-
Thomas Cannon,€10.00m
Sergi Canós,€1.50m
Ander Capa,-
Pierrick Capelle,€200k
Étienne Capoue,€400k
Gianluca Caprari,€1.50m
Francesco Caputo,-
Maxence Caqueret,€15.00m
Andrea Carboni,€3.40m
Valentin Carboni,€12.00m
Isaac Carcelen,€1.00m
Irvin Cardona,€2.00m
Igor Carioca,-
Carlos,-
Diego Carlos,€11.00m
Juan Carlos,-
José Carlos Lazo,€800k
Carmona,€300k
Marco Carnesecchi,€25.00m
Yannick Carrasco,€7.50m
Dani Carvajal,Not Found
Fabio Carvalho,€15.00m
Matis Carvalho,-
William Carvalho,€2.00m
Nicolò Casale,€7.00m
Casemiro,€12.00m
Matty Cash,€28.00m
Timothy Castagne,€15.00m
Michele Castagnetti,€400k
Koen Casteels,€5.00m
Valentín Castellanos,€25.00m
Jean-Charles Castelletto,€3.50m
Samu Castillejo,€500k
Jonny Castro,€3.50m
Gaetano Castrovilli,€3.50m
Danilo Cataldi,€4.00m
Catena,€4.00m
Yoann Cathline,€6.00m
Maximiliano Caufriez,€1.50m
Edinson Cavani,€1.00m
Dani Ceballos,€10.00m
Federico Ceccherini,€500k
Assan Ceesay,€1.60m
Emil Ceide,€2.00m
Zeki Çelik,€5.00m
Fabien Centonze,€2.00m
Franco Cervi,€900k
Julio César Enciso,€22.00m
Leonardo César Jardim,€7.00m
Julian Chabot,€12.00m
Florian Chabrolle,-
El Chadaille Bitshiabu,€12.00m
Fares Chaïbi,€9.00m
Nathaniel Chalobah,€1.00m
Trevoh Chalobah,€17.00m
Calum Chambers,€2.80m
Timothy Chandler,€350k
Gaëtan Charbonnier,-
Brendan Chardonnet,€6.00m
Xavier Chavalerin,€400k
Pep Chavarría,€3.50m
Rayan Cherki,€35.00m
Ilyes Cheti,Not Found
Lucas Chevalier,€30.00m
Fabio Chiarodia,€2.00m
Federico Chiesa,€18.00m
Ben Chilwell,€18.00m
Vlad Chiriche?,€300k
Pedro Chirivella,€5.00m
Joris Chotard,€7.00m
Andreas Christensen,€15.00m
Oliver Christensen,€1.50m
Ryan Christie,€12.00m
Carney Chukwuemeka,€15.00m
Samuel Chukwueze,€14.00m
Darko Churlinov,€1.50m
Víctor Chust,€2.00m
Tolga Ciðerci,Not Found
Yanis Cimignani,€2.00m
Daniel Ciofani,-
Tio Cipot,€600k
Pathé Ciss,€2.00m
Souleymane Cissé,€200k
Patrick Ciurria,€3.00m
Bobby Clark,€8.00m
Alexis Claude-Maurice,€12.00m
Jonathan Clauss,€6.00m
Carlos Clerc,€400k
Nathaniel Clyne,€1.50m
Conor Coady,€3.00m
Marcus Coco,€1.50m
Alexandre Coeff,€275k
Jack Colback,€200k
Séamus Coleman,€500k
David ?olina,€850k
Álex Collado,€2.20m
Diego Collado,€400k
Omar Colley,€2.50m
Nathan Collins,€28.00m
Lorenzo Colombo,€6.00m
Andrea Colpani,€12.00m
Levi Colwill,€55.00m
Kingsley Coman,€35.00m
Eray Cömert,€2.50m
Santi Comesaña,€8.00m
Andrea Consigli,€400k
Abdu Conté,€800k
Andrea Conti,€150k
Lewis Cook,€15.00m
Steve Cook,€500k
Liam Cooper,€800k
Copete,€14.00m
Diego Coppola,€7.50m
Francis Coquelin,€1.00m
Sébastien Corchia,€500k
Maxwel Cornet,€8.00m
Jesús Corona,€2.50m
Ángel Correa,€15.00m
Joaquín Correa,€3.00m
Thierry Correia,€6.00m
Alessandro Cortinovis,€400k
Danny da Costa,€1.50m
David Pereira da Costa,€7.00m
Diego Costa,€800k
Jaume Costa,€100k
Logan Costa,€15.00m
Nuno da Costa,€600k
Samu Costa,€15.00m
Benoît Costil,€250k
Vladimír Coufal,€7.00m
Lassana Coulibaly,€2.50m
Tanguy Coulibaly,€1.80m
Thibaut Courtois,€25.00m
Mathieu Coutadeur,-
Philippe Coutinho,€6.00m
Yan Couto,€20.00m
Conor Coventry,€1.20m
Nicolas Cozza,€3.50m
Aaron Cresswell,€700k
Bryan Cristante,€7.00m
Domen ?rnigoj,€900k
Juan Cruz Armada,Not Found
Juan Cruz,€150k
Juan Cuadrado,€1.00m
Marc Cucurella,€30.00m
Jorge Cuenca,€6.00m
Braian Cufré,€1.20m
Mickaël Cuisance,€3.50m
Matheus Cunha,€55.00m
Curro,-
Marco D'Alessandro,€300k
Danilo D'Ambrosio,€800k
Luca D'Andrea,€800k
Damien Da Silva,€300k
Moanes Dabbur,€1.60m
Colin Dagba,€800k
Finn Dahmen,€6.00m
Mahmoud Dahoud,€5.00m
Patson Daka,€12.00m
Thijs Dallinga,€12.00m
Diogo Dalot,€35.00m
Muhammed Damar,€4.00m
Mikkel Damsgaard,€25.00m
Flavius Daniliuc,€4.00m
Danilo,€4.00m
Arnaut Danjuma,€5.00m
Kevin Danso,€25.00m
Dante,€500k
Márton Dárdai,€2.00m
Sergi Darder,€4.00m
Achraf Dari,€1.80m
Vladimír Darida,€700k
Matteo Darmian,€4.00m
Josh Dasilva,€7.00m
Jonathan David,€45.00m
Alphonso Davies,€50.00m
Ben Davies,€8.00m
Tom Davies,€4.50m
Pawe? Dawidowicz,€2.50m
Craig Dawson,€2.00m
Kevin De Bruyne,€27.00m
Charles De Ketelaere,€38.00m
Manuel De Luca,€1.40m
Rodrigo De Paul,€25.00m
Mattia De Sciglio,€1.00m
Lorenzo De Silvestri,€400k
Thibault De Smet,€2.00m
Koni De Winter,€18.00m
Grégoire Defrel,€500k
Duccio Degli Innocenti,€600k
Brecht Dejaegere,€800k
Romain Del Castillo,€8.00m
Alberto Del Moral,€800k
Thomas Delaine,€800k
Thomas Delaney,€2.00m
Sacha Delaye,€250k
Fran Delgado,€250k
Andy Delort,€2.00m
Karamoko Dembele,€1.00m
Moussa Dembélé,€9.00m
Ousmane Dembélé,€75.00m
Siriki Dembélé,€2.20m
Merih Demiral,€14.00m
Kerem Demirbay,€3.00m
Ermedin Demirovi?,€22.00m
Diego Demme,€600k
Sepp van den Berg,€20.00m
Branco van den Boomen,€4.00m
Leander Dendoncker,€4.50m
Emmanuel Dennis,€3.00m
Fabio Depaoli,€2.00m
Kastriot Dermaku,€150k
Halil Derviþoðlu,Not Found
Rémy Descamps,€1.50m
Mikkel Desler,€2.50m
Cyriel Dessers,€4.00m
Sergiño Dest,€18.00m
Mattia Destro,€350k
Gerard Deulofeu,€800k
Kiernan Dewsbury-Hall,€22.00m
Samuel Di Carmine,€300k
Federico Di Francesco,€1.20m
Michele Di Gregorio,€18.00m
Giovanni Di Lorenzo,€15.00m
Ángel Di María,€3.00m
Boulaye Dia,€15.00m
Moussa Diaby,€35.00m
Mouctar Diakhaby,€2.00m
Bafodé Diakité,€25.00m
Ibrahim Diakité,€800k
Abdou Diallo,€6.00m
Baila Diallo,€800k
Habib Diallo,€8.00m
Ibrahima Diallo,€5.50m
Ismael Diallo,€1.30m
Mamady Diarra,€250k
Mouhamadou Diarra,€20.00m
Moussa Diarra,€2.00m
Stéphane Diarra,-
Youba Diarra,€500k
Rúben Dias,€70.00m
Krépin Diatta,€10.00m
Mory Diaw,€1.00m
Brahim Díaz,€45.00m
Luis Díaz,€85.00m
Justin Diehl,€3.50m
Bamba Dieng,€3.50m
Eric Dier,€8.00m
Florian Dietz,€350k
Lucas Digne,€12.00m
Federico Dimarco,€60.00m
Stole Dimitrievski,€3.00m
Junior Dina Ebimbe,€7.00m
Tristan Dingomé,€100k
Eren Dinkçi,€12.00m
Sinaly Diomande,€5.00m
Lois Diony,€1.50m
Issa Diop,€16.00m
Sofiane Diop,€12.00m
Yehvann Diouf,€9.00m
Axel Disasi,€25.00m
Malcom Abdulai Ares Djalo,€1.60m
Tiago Djaló,€10.00m
Djené,€2.00m
Moussa Djenepo,€2.30m
Koffi Djidji,€1.00m
Alexander Djiku,€7.50m
Berat Djimsiti,€8.00m
Moussa Djitte,€1.00m
Marko Dmitrovi?,€800k
Alan Do Marcolino,€150k
Ben Doak,€14.00m
Ritsu Doan,€22.00m
Dodô,€22.00m
Danilho Doekhi,€13.00m
Matt Doherty,€2.50m
Josh Doig,€4.50m
Jeremy Doku,€55.00m
Kasper Dolberg,€13.00m
Carlos Dominguez,€2.50m
Nicolás Domínguez,€17.00m
John Donald,€800k
Giulio Donati,€200k
Kyliane Dong,€600k
Gianluigi Donnarumma,€35.00m
Niklas Dorsch,€3.50m
Gabriel Dos Santos,€75.00m
Jodel Dossou,€250k
Lohann Doucet,€700k
Abdoulaye Doucouré,€8.00m
Cheick Doucouré,€30.00m
Ckene Doucouré,€800k
Désiré Doué,€60.00m
Guela Doué,€12.00m
Ismaël Doukouré,€15.00m
Kamory Doumbia,€5.00m
Souleyman Doumbia,€1.00m
Flynn Downes,€15.00m
Bart?omiej Dr?gowski,€3.00m
Cody Drameh,€3.00m
Dion Drena Beljo,€5.00m
Dominick Drexler,€300k
Domingos Duarte,€800k
Marvin Ducksch,€7.50m
Ondrej Duda,€4.00m
Shane Duffy,€800k
Rémy Dugimont,-
Denzel Dumfries,€28.00m
Alfred Duncan,€2.50m
Lewis Dunk,€8.00m
Maxime Dupé,€1.20m
Jhon Durán,€40.00m
Pablo Durán,€3.50m
Hugo Duro,€10.00m
Jean-Kevin Duverne,€3.00m
Paulo Dybala,€8.00m
Edin D?eko,€2.00m
Malcolm Ebiowei,€1.20m
Festy Ebosele,€5.50m
Enzo Ebosse,€2.00m
Tyronne Ebuehi,€1.50m
Ederson,€25.00m
Éderson,€25.00m
Odsonne Édouard,€10.00m
Samuel Edozie,€8.00m
Maximilian Eggestein,€10.00m
Lilian Egloff,€600k
Íñigo Eguaras,€200k
Kingsley Ehizibue,€3.00m
Chidera Ejuke,€6.00m
Albin Ekdal,€250k
Hugo Ekitike,€55.00m
Emmanuel Ekong,€500k
Anthony Elanga,€35.00m
Alberth Elis,€1.00m
Mikael Ellertsson,€2.80m
Harvey Elliott,€35.00m
Elif Elmas,€14.00m
Mohamed Elneny,€3.20m
Aritz Elustondo,€4.00m
Nico Elvedi,€8.00m
Rodrigo Ely,€2.50m
Sepe Elye Wahi,€25.00m
Mohamed Elyounoussi,€6.00m
Adri Embarba,Not Found
Breel Embolo,€12.00m
Emerson,€12.00m
Youssef En-Nesyri,€24.00m
Wataru Endo,€10.00m
Arne Engels,€12.00m
Christian Eriksen,€6.00m
Martin Erlic,€5.00m
Gonzalo Escalante,€800k
Sergio Escudero,€200k
Alfonso Espino,€1.50m
Bernardo Espinosa,€200k
Salvatore Esposito,€7.50m
Maxime Estève,€18.00m
Pervis Estupiñán,€30.00m
Jonny Evans,€1.50m
Edu Expósito,€1.50m
Eberechi Eze,€55.00m
Nicolás Ezequiel Fernández,€2.50m
Abdessamad Ezzalzouli,€12.00m
?ukasz Fabia?ski,€700k
Fabinho,€18.00m
Fábio,-
Noah Fadiga,€3.00m
Wout Faes,€20.00m
Nicolò Fagioli,€18.00m
Ralf Fährmann,€200k
Romain Faivre,€7.00m
Radamel Falcao,€300k
Wladimiro Falcone,€4.00m
Fali,€1.00m
Mamadou Fall,€800k
Davide Faraoni,€1.00m
Ansu Fati,€5.00m
Khalil Fayad,€4.00m
Cheikh Faye,€125k
Federico Fazio,-
Jacopo Fazzini,€8.00m
Zouhair Feddal,-
Nabil Fekir,€9.00m
Felipe,€40.00m
Luiz Felipe,€6.00m
João Félix,€25.00m
Ohis Felix Uduokhai,€8.00m
Kiko Femenía,€1.20m
Evan Ferguson,€32.00m
Lewis Ferguson,€24.00m
Bruno Fernandes,€55.00m
Edimilson Fernandes,€3.50m
Aitor Fernández,€1.50m
Álex Fernández,€1.00m
Álvaro Fernández,€28.00m
Carlos Fernández,€1.20m
Enzo Fernández,€75.00m
Federico Fernández,-
Joaquín Fernández,€2.50m
Mateo Fernández,€3.50m
Fernando,-
Alex Ferrari,€350k
Salvador Ferrer,€400k
Jordan Ferri,€2.50m
Fidel,-
Karol Fila,€600k
Roberto Firmino,€6.00m
Junior Firpo,€6.50m
Kilian Fischer,€6.00m
Mark Flekken,€10.00m
Florian Flick,€1.00m
Alexis Flips,€1.30m
Alessandro Florenzi,€1.50m
Phil Foden,€130.00m
Datro Fofana,€8.50m
Seko Fofana,€12.00m
Wesley Fofana,€27.00m
Yahia Fofana,€6.00m
Youssouf Fofana,€30.00m
Thomas Foket,€2.20m
José Fonte,€100k
Pablo Fornals,€6.00m
Emil Forsberg,€4.50m
Adam Forshaw,€300k
Fraser Forster,€1.20m
Philipp Förster,€1.80m
Steven Fortes,€200k
Timothy Fosu-Mensah,€500k
Dimitri Foulquier,€2.00m
Juan Foyth,€10.00m
Raphael Framberger,€100k
Tyrese Francois,€400k
Bartol Franji?,€1.80m
Przemys?aw Frankowski,€8.00m
Ryan Fraser,€3.00m
Davide Frattesi,€32.00m
Fred,€18.00m
Ryan Fredericks,€500k
Iván Fresneda,€8.00m
Remo Freuler,€6.50m
Michael Frey,€800k
Marco Friedl,€10.00m
Marvin Friedrich,€3.50m
Jeremie Frimpong,€50.00m
Chris Führich,€18.00m
Angelo Fulgini,€6.00m
Niclas Füllkrug,€12.00m
Matteo Gabbia,€14.00m
Manolo Gabbiadini,€900k
Gianluca Gaetano,€4.00m
Roberto Gagliardini,€2.00m
Adolfo Gaich,€1.40m
Cody Gakpo,€70.00m
Javi Galán,€4.00m
Iñigo Ruiz de Galarreta,€4.00m
Pablo Galdames Millán,Not Found
Conor Gallagher,€40.00m
Antonino Gallo,€4.50m
Gauthier Gallon,€1.00m
Cristian Gamboa,€500k
Kévin Gameiro,-
Idrissa Gana Gueye,€2.00m
Ignatius Ganago,€1.80m
Silvère Ganvoula M'Boussy,€2.00m
Aleix García,€20.00m
Álvaro García,€2.50m
Borja García,€300k
Carlos García,-
Dani García,-
David García,€8.00m
Eric García,€15.00m
Francisco Garcia,€4.00m
Raúl García,-
Rubén García,€2.00m
Unai García,€1.00m
Alejandro Garnacho,€45.00m
James Garner,€20.00m
Felix Garreta,€200k
Sékou Gassama,€1.80m
Johan Gastien,€300k
Federico Gatti,€25.00m
Gavi,€70.00m
Paulo Gazzaniga,€3.50m
David de Gea,€5.00m
Dennis Geiger,€3.00m
Joe Gelhardt,€3.50m
Valentin Gendrey,€8.50m
Denis Genreau,€800k
Yannick Gerhardt,€3.00m
Valère Germain,€800k
Gerson,-
Ismaël Gharbi,€7.50m
Paolo Ghiglione,€750k
Saman Ghoddos,€1.80m
Faouzi Ghoulam,€200k
Morgan Gibbs-White,€50.00m
Niko Gießelmann,€400k
Samuel Gigot,€4.00m
Rafa? Gikiewicz,€300k
Óscar Gil,€700k
Mario Gila,€28.00m
Billy Gilmour,€16.00m
Álvaro Giménez,€400k
Gvidas Gineitis,€5.00m
Matthias Ginter,€8.00m
Andrei Girotto,€3.50m
Olivier Giroud,€2.50m
Serge Gnabry,€25.00m
Degnand Gnonto,Not Found
Ben Godfrey,€8.00m
Pierluigi Gollini,€1.00m
Aleksandr Golovin,€25.00m
André Gomes,€8.00m
Angel Gomes,€20.00m
João Gomes,€40.00m
Toti Gomes,€25.00m
Dani Gómez,€1.00m
Joe Gomez,€25.00m
Maxi Gómez,€1.50m
Moi Gómez,€3.00m
Papu Gómez,-
Sergi Gómez,€900k
Sergio Gómez,€20.00m
Maxime Gonalons,-
Diego González,€50k
Édgar González,€2.00m
Giovanni González,€2.80m
Joan Gonzàlez,€800k
Nicolás González,€40.00m
Oumar Gonzalez,€1.80m
Roberto González,€2.00m
Jacek Góralski,-
Anthony Gordon,€65.00m
Leon Goretzka,€22.00m
Andoni Gorosabel,€5.00m
Robin Gosens,€8.00m
Mario Götze,€5.00m
Amine Gouiri,€20.00m
Jeffrey Gouweleeuw,€1.50m
Jonathan Gradit,€4.00m
José Gragera,€2.00m
Alberto Grassi,€2.00m
Ryan Gravenberch,€70.00m
Andrew Gravillon,€2.20m
Demarai Gray,€5.00m
Adrian Grbi?,€900k
Ivo Grbi?,€2.00m
Jack Grealish,€35.00m
Sam Greenwood,€4.50m
Michael Gregoritsch,€4.00m
Leo Greiml,€1.50m
Clément Grenier,€200k
Antoine Griezmann,€22.00m
Vincenzo Grifo,€7.50m
Lennart Grill,€450k
Christian Groß,-
Pascal Groß,€7.00m
Brajan Gruda,€25.00m
Ilia Gruev,€5.00m
Carlos Gruezo,€1.80m
Vicente Guaita,€800k
Andrés Guardado,€600k
Sergi Guardiola,€600k
Nemanja Gudelj,€3.50m
Gabriel Gudmundsson,€9.00m
Gonçalo Guedes,€13.00m
Axel Gueguin,€400k
Marc Guéhi,€45.00m
Mattéo Guendouzi,€32.00m
Raphaël Guerreiro,€10.00m
Evann Guessand,€25.00m
Ander Guevara,€4.00m
Pape Gueye,€10.00m
Josuha Guilavogui,€400k
Frederic Guilbert,€2.50m
Hugo Guillamón,€5.00m
Bruno Guimarães,€80.00m
Sehrou Guirassy,€40.00m
Rafik Guitane,€5.00m
Péter Gulácsi,€2.50m
Manuel Gulde,€800k
Gerard Gumbau,€2.00m
Robert Gumny,€2.00m
Ýlkay Gündoðan,Not Found
Christian Günter,€4.00m
Koray Günter,€700k
Gorka Guruzeta,€12.00m
Malo Gusto,€35.00m
Raúl Guti,€1.50m
Miguel Gutiérrez,€25.00m
Joko Gvardiol,Not Found
Darko Gyabi,€1.80m
Emmanuel Gyasi,€2.00m
Norbert Gyömbér,€1.20m
Christian Gytkjær,Not Found
Erling Haaland,€200.00m
Nicolas Haas,€700k
Janik Haberer,€2.50m
Alexander Hack,€1.50m
Munir El Haddadi,€1.50m
Jaouen Hadjam,€7.00m
André Hahn,-
Amadou Haidara,€20.00m
Massadio Haïdara,€1.80m
Achraf Hakimi,€65.00m
Lewis Hall,€30.00m
Sébastien Haller,€3.00m
Marcel Halstenberg,€1.50m
Mathis Hamdi,€150k
Romain Hamouma,-
Andreas Hanche-Olsen,€6.00m
Samir Handanovi?,-
Genki Haraguchi,€450k
Amine Harit,€10.00m
Luke Harris,€1.00m
Jack Harrison,€16.00m
Abdou Harroui,€2.00m
Makoto Hasebe,-
Hans Hateboer,€3.00m
Kai Havertz,€70.00m
Eden Hazard,-
Thorgan Hazard,€3.00m
Rhys Healey,€900k
Jan Paul van Hecke,€32.00m
Jonas Hector,-
Hwang Hee-chan,Not Found
Gauthier Hein,€3.00m
Dominique Heintz,€800k
Dean Henderson,€15.00m
Jordan Henderson,€3.50m
Liam Henderson,€1.80m
Jack Hendry,€2.50m
Wayne Hennessey,€175k
Benjamin Henrichs,€17.00m
Henrique,€12.00m
Luiz Henrique,€25.00m
Matheus Henrique,€7.00m
Rico Henry,€40.00m
Thomas Henry,€1.80m
Christophe Hérelle,€650k
Mario Hermoso,€10.00m
Aridane Hernández,€400k
Lucas Hernández,€30.00m
Luis Hernández,€200k
Mario Hernández,€400k
Theo Hernández,€40.00m
Ander Herrera,€1.20m
Sergio Herrera,€4.00m
Yangel Herrera,€20.00m
Patrick Herrmann,-
Son Heung-min,Not Found
Aaron Hickey,€18.00m
Isak Hien,€30.00m
Omar El Hilali,€10.00m
Piero Hincapié,€50.00m
Morten Hjulmand,€45.00m
Adam Hlo?ek,€18.00m
Joseph Hodge,€1.20m
Nicolas Höfler,€700k
Jonas Hofmann,€3.00m
Philipp Hofmann,€1.50m
Rob Holding,€4.00m
Lucas Höler,€3.50m
Mason Holgate,€4.50m
Emil Holm,€8.00m
Noah Holm,€900k
Gerrit Holtmann,€700k
Martin Hongla,€2.00m
Franck Honorat,€12.00m
Jannes Horn,€1.50m
Cédric Hountondji,€1.50m
Ilyes Housni,€2.00m
Luká Hrádeck?,Not Found
Petko Hristov,€3.50m
Ajdin Hrustic,€400k
Timo Hübers,€3.50m
Callum Hudson-Odoi,€24.00m
Will Hughes,€9.00m
Mats Hummels,€2.50m
Adrien Hunou,€500k
Denis Huseinbasic,€2.80m
Omari Hutchinson,€22.00m
Elseid Hysaj,€2.00m
Pierre Højbjerg,Not Found
Rasmus Højlund,€45.00m
Iago,-
Pablo Ibáñez,-
Roger Ibanez,€18.00m
Arijon Ibrahimovi?,€4.00m
Mounaim El Idrissy,€500k
Iglesias,€2.50m
Borja Iglesias,€3.00m
Igor,€1.00m
Kelechi Iheanacho,€5.00m
Jonathan Ikone,€8.00m
Ivan Ili?,€18.00m
Rareþ Ilie,Not Found
Samuel Iling-Junior,€11.00m
Emirhan Ýlkhan,Not Found
Asier Illarramendi,€700k
Ciro Immobile,€2.80m
Danny Ings,€7.00m
Marcus Ingvartsen,€6.00m
Bonke Innocent,€400k
Alexander Isak,€100.00m
Isco,€6.00m
Ismaily,€1.50m
Ardian Ismajli,€6.00m
Ko Itakura,€12.00m
Hiroki Ito,€30.00m
Junya Ito,€8.00m
Andreas Ivan,-
Alex Iwobi,€25.00m
Armando Izzo,€2.50m
Nicolas Jackson,€55.00m
Lee Jae-sung,Not Found
Paul Jaeckel,€1.00m
Mato Jajalo,-
Kristijan Jaki?,€6.50m
Jan Jakob Olschowsky,€600k
Ismail Jakobs,€7.00m
Marin Jakoli,Not Found
Daniel James,€18.00m
Reece James,€30.00m
Vitaly Janelt,€22.00m
Saidy Janko,€500k
Pontus Jansson,€900k
Tony Jantschke,-
Adnan Januzaj,€1.20m
Javi,€1.00m
Luis Javier Suárez,€6.00m
Dany Jean,€400k
Julian Jeanvier,€500k
Fredrik Jensen,€3.50m
Mathias Jensen,€16.00m
Moritz Jenz,€6.00m
Gabriel Jesus,€40.00m
Juan Jesus,€1.50m
Raúl Jiménez,€5.00m
Joaquín,€2.50m
Joelinton,€40.00m
?órir Jóhann Helgason,€2.50m
Ben Johnson,€9.00m
Brennan Johnson,€50.00m
Paul Joly,€2.00m
Curtis Jones,€50.00m
Frenkie de Jong,€45.00m
Joan Jordán,€2.50m
Filip Jörgensen,€20.00m
Jorginho,€8.00m
Josan,-
Willian José,€2.00m
Joselu,€4.50m
Diogo Jota,€45.00m
Stevan Joveti?,€500k
Luka Jovi?,€2.50m
Juanmi,€2.80m
Juanpe,€900k
Jubal,€2.00m
Christopher Jullien,€1.50m
Anthony Jung,€1.00m
Lago Junior,€300k
Hamed Junior Traorè,€18.00m
Vinicius Júnior,€200.00m
Josip Juranovi?,€4.00m
James Justin,€15.00m
Mathias Jørgensen,€800k
Ozan Kabak,€7.50m
Issa Kaboré,€6.00m
Abdoul Kader Bamba,€750k
Pavel Kade?ábek,€2.50m
Tino Kadewere,€3.00m
Kaiky,€1.50m
Florian Kainz,€2.00m
Gaël Kakuta,€800k
Sasa Kalajdzic,€5.00m
Arnaud Kalimuendo,€20.00m
Yayah Kallon,€500k
Felix Kalu Nmecha,Not Found
Gedeon Kalulu,€2.50m
Pierre Kalulu,€26.00m
Daichi Kamada,€15.00m
Waren Kamanzi,Not Found
Bingourou Kamara,€800k
Boubacar Kamara,€38.00m
Jakub Kami?ski,€6.00m
Marcin Kami?ski,€400k
Kevin Kampl,€3.00m
Nordine Kandil,€1.00m
Harry Kane,€90.00m
Wilfried Kanga,€3.50m
Lee Kangin,Not Found
N'Golo Kanté,€7.00m
Kenan Karaman,€2.50m
Yann Karamoh,€2.20m
Atakan Karazor,€12.00m
Jon Karrikaburu,€2.50m
Rick Karsdorp,€4.00m
Denso Kasius,€3.00m
Thomas Kastanaras,€500k
Grigoris Kastanos,€1.80m
Silas Katompa,€8.00m
Moise Kean,€40.00m
Michael Keane,€6.00m
Neeskens Kebano,€700k
Kévin Keben Biakolo,€700k
Thilo Kehrer,€15.00m
Check Keita,€1.50m
Naby Keïta,€1.00m
Yannik Keitel,€3.50m
Lloyd Kelly,€18.00m
Marc-Oliver Kempf,Not Found
Kenedy,€300k
Jonjoe Kenny,€2.50m
Franck Kessié,€15.00m
Saîf-Eddine Khaoui,€1.20m
Wahbi Khazri,€1.50m
Rani Khedira,€3.00m
Anthony Khelifa,€50k
Kike,€8.00m
Luca Kilian,€700k
Max Kilman,€30.00m
Joshua Kimmich,€50.00m
Presnel Kimpembe,€8.00m
Jakub Kiwior,€22.00m
Simon Kjær,Not Found
Mateusz Klich,€1.00m
Lukas Klostermann,€8.00m
Justin Kluivert,€35.00m
Ansgar Knauff,€10.00m
Robin Knoche,€800k
Gregor Kobel,€40.00m
Robin Koch,€18.00m
Dominik Kohr,€3.50m
Koke,€10.00m
Sead Kolainac,Not Found
Luca Koleosho,€12.00m
Randal Kolo Muani,€30.00m
Timothée Kolodziejczak,€250k
Ibrahima Konaté,€60.00m
Geoffrey Kondogbia,€8.00m
Ibrahima Koné,€2.30m
Kouadio Koné,€35.00m
Youssouf Koné,€700k
Ezri Konsa,€35.00m
Teun Koopmeiners,€40.00m
Odilon Kossonou,Not Found
Filip Kosti?,€5.50m
Christian Kouamé,€6.00m
Rominigue Kouamé,€2.00m
Tomá Koubek,Not Found
Kalidou Koulibaly,€8.00m
Jules Koundé,€60.00m
Boubakar Kouyaté,€3.50m
Cheikhou Kouyaté,€500k
Mateo Kova?i?,€25.00m
Viktor Kovalenko,€1.00m
Soichiro Kozuki,€400k
Emil Krafth,€2.50m
Alex Král,€6.00m
Andrej Kramari?,€4.00m
Christoph Kramer,€700k
Tom Krauß,€4.00m
Julian Kristoffersen,€75k
Raimonds Krollis,€500k
Toni Kroos,-
Rade Kruni?,€5.00m
Max Kruse,-
Lukas Kübler,€2.00m
Takefusa Kubo,€40.00m
Dejan Kulusevski,€60.00m
Sael Kumbedi,€6.00m
Marash Kumbulla,€6.00m
Pierre Kunde,€1.50m
Alou Kuol,€300k
Layvin Kurzawa,€1.50m
Khvicha Kvaratskhelia,€80.00m
Grejohn Kyei,€800k
Daniel Kyereh,Not Found
Giorgos Kyriakopoulos,€3.50m
César de la Hoz,€400k
Luca de la Torre,€1.50m
Rémy Labeau Lascary,€2.50m
Gaëtan Laborde,€6.00m
Alexandre Lacazette,€8.00m
Qazim Laçi,€4.00m
Maxence Lacroix,€22.00m
Alban Lafont,€4.00m
Aïssa Laïdouni,€5.00m
Konrad Laimer,€25.00m
Stefan Lainer,€1.80m
Kenny Lala,€2.50m
Adam Lallana,€900k
Vassilis Lambropoulos,Not Found
Érik Lamela,€1.50m
Mohamed Lamine Bayo,€3.50m
Sam Lammers,€4.00m
Tariq Lamptey,€12.00m
Manuel Lanzini,€1.20m
Aymeric Laporte,€18.00m
Julien Laporte,€1.20m
Cyle Larin,€3.50m
Juan Larios,€4.50m
Yasser Larouci,€3.20m
Jordan Larsson,€2.00m
Kevin Lasagna,€900k
Jamaal Lascelles,€6.00m
Latasa,€2.50m
Toni Lato,€2.00m
Danny Latza,€150k
Armand Lauriente,€13.00m
Roméo Lavia,€40.00m
Lázaro,€800k
Valentino Lazaro,€4.50m
Marko Lazeti?,€1.00m
Darko Lazovi?,€1.00m
Manuel Lazzari,€4.00m
Théo Le Bris,€1.50m
Julien Le Cardinal,€1.50m
Jérémy Le Douaron,€3.50m
Enzo Le Fée,€18.00m
Vincent Le Goff,-
Maxime Le Marchand,-
Robin Le Normand,€40.00m
Rafael Leão,€75.00m
Paolo Lebas,-
Benjamin Lecomte,€2.00m
Jeremías Ledesma,€3.80m
Pierre Lees-Melou,€7.00m
Diogo Leite,€17.00m
Maxim Leitsch,€2.00m
Florian Lejeune,€2.80m
Iñigo Lekue,€2.50m
Thomas Lemar,€5.00m
Félix Lemaréchal,€7.00m
Dexter Lembikisa,€1.50m
Mario Lemina,€7.50m
Tim Lemperle,€5.00m
Clément Lenglet,€7.50m
Bernd Leno,€11.00m
Christopher Lenz,€800k
Sergio León,-
Johann Lepenant,€7.00m
Mehdi Léris,€2.50m
Jefferson Lerma,€12.00m
Benjamin Leroy,€150k
Léo Leroy,€2.00m
Ruan Levine,-
Robert Lewandowski,€15.00m
Jamie Leweling,€20.00m
Jamal Lewis,€3.00m
Rico Lewis,€40.00m
Keane Lewis-Potter,€23.00m
Dimitri Liénard,€150k
Philipp Lienhart,€15.00m
Matthijs de Ligt,€40.00m
Victor Lindelöf,€10.00m
Jesper Lindstrøm,€20.00m
Karol Linetty,€2.50m
Jesse Lingard,€4.00m
Pol Lirola,€4.00m
Mateusz Lis,€1.80m
Marcin Listkowski,€300k
Dejan Ljubicic,€5.00m
Javier Llabrés,€600k
Diego Llorente,€6.00m
Marcos Llorente,€28.00m
Hugo Lloris,€1.00m
Giovani Lo Celso,€20.00m
Stanislav Lobotka,€25.00m
Manuel Locatelli,€28.00m
Luka Lochoshvili,€600k
Banzouzi Locko,Not Found
Renan Lodi,€15.00m
Ruben Loftus-Cheek,€16.00m
Sean Longstaff,€22.00m
Ademola Lookman,€60.00m
Anthony Lopes,€1.50m
Rony Lopes,€2.00m
David López,€2.00m
Diego López,-
Maxime Lopez,€5.00m
Pau López,€3.00m
Unai López,€2.80m
Dion Lopy,€6.00m
Anthony Losilla,€500k
Jordan Lotomba,€8.00m
Matteo Lovato,€3.00m
Dejan Lovren,€800k
Sandi Lovri?,€8.00m
Jamal Lowe,€1.20m
Anthony Lozano,€1.20m
Hirving Lozano,€12.00m
Pol Lozano,€4.00m
Jean Lucas,€8.00m
Jhon Lucumí,€18.00m
José Luis Gayà,€15.00m
José Luis Morales,€700k
José Luis Palomino,€700k
Douglas Luiz,€38.00m
Romelu Lukaku,€22.00m
Castello Lukeba,€50.00m
Dodi Lukebakio,€25.00m
Saa Luki?,Not Found
Andriy Lunin,€20.00m
Andrey Lunyov,€1.50m
Sebastiano Luperto,€3.50m
Lyanco,€5.00m
Charalambos Lykogiannis,Not Found
Youssouf M'Changama,€250k
Awer Mabil,€300k
Alexis Mac Allister,€90.00m
Deiver Machado,€3.50m
Darwin Machís,€1.00m
James Maddison,€50.00m
Noni Madueke,€40.00m
Pablo Maffeo,€5.00m
Lisandro Magallán,€1.80m
Soungoutou Magassa,€12.00m
Giulio Maggiore,€2.00m
Giangiacomo Magnani,€2.50m
Hugo Magnetti,€7.00m
Yohann Magnin,€1.00m
Harry Maguire,€15.00m
Jon Magunacelaya,Not Found
Riyad Mahrez,€9.00m
Arne Maier,€4.00m
Mike Maignan,€25.00m
Linton Maina,€3.00m
Ainsley Maitland-Niles,€10.00m
Lovro Majer,€20.00m
Jean-Victor Makengo,€3.00m
Béni Makouana,€800k
Nemanja Maksimovi?,€5.00m
Tyrell Malacia,€12.00m
Lorenzo Malagrida,€150k
Daniel Maldini,€10.00m
Youssef Maleh,€4.00m
Donyell Malen,€25.00m
Ruslan Malinovskyi,€3.50m
Hugo Mallo,€1.00m
Mickael Malsa,€600k
Giorgi Mamardashvili,€30.00m
Hianga Mananga Mbock,Not Found
Gianluca Mancini,€18.00m
Steve Mandanda,€700k
Reinildo Mandava,€8.00m
Aïssa Mandi,€1.50m
Rolando Mandragora,€10.00m
Sadio Mané,€9.00m
Orel Mangala,€20.00m
Thomas Mangani,€200k
Vito Mannone,€200k
Javier Manquillo,€1.80m
Myziane Maolida,€900k
Faitout Maouassa,€1.50m
Sekou Mara,€6.00m
Maranhão,€900k
Marcão,€3.00m
Solly March,€8.00m
Agustín Marchesín,€700k
Vincent Marchetti,€1.50m
Riccardo Marchizza,€1.50m
Gian Marco Ferrari,€1.00m
Emiliano Marcondes,€1.20m
Óscar de Marcos,€1.50m
José Mari,€20.00m
Pablo Marí,€3.50m
José María Giménez,€20.00m
Mariano,€5.00m
Pablo Marín,€3.00m
R?zvan Marin,€3.50m
Guillermo Maripán,€4.00m
Marlon,€3.50m
Omar Marmoush,€75.00m
Marquinhos,€40.00m
Luca Marrone,€75k
Eric Martel,€6.00m
Roger Martí,€700k
Anthony Martial,€9.00m
Aarón Martín,€6.50m
Ander Martin,€2.00m
Andrés Martín,-
Iván Martín,€10.00m
Jonas Martin,€800k
Martinelli,€55.00m
Arnau Martinez,€10.00m
Emiliano Martínez,€25.00m
Iñigo Martínez,€5.00m
Lautaro Martínez,€95.00m
Lisandro Martínez,€45.00m
Lucas Martínez Quarta,€9.00m
Roger Martínez,€1.80m
Gelson Martins,€3.00m
Adam Marui?,Not Found
Omar Mascarell,€900k
Adam Masina,€1.50m
Jordi Masip,-
Erhan Maovi?,Not Found
Han-Noah Massengo,€5.00m
Yanis Massolin,€250k
Jaime Mata,€600k
Pape Matar Sarr,€40.00m
Eliot Matazo,€3.00m
Jean-Philippe Mateta,€30.00m
Nemanja Mati?,€2.50m
Joël Matip,-
Henning Matriciani,€450k
Chrislain Matsima,€17.00m
Azor Matusiwa,€10.00m
Neal Maupay,€10.00m
Aïman Maurer,€400k
Stephy Mavididi,€11.00m
Konstantinos Mavropanos,€17.00m
Christian Mawissa,€12.00m
Philipp Max,€1.50m
Eric Maxim Choupo-Moting,€1.80m
Luís Maximiano,€4.00m
Fernand Mayembo,€550k
Borja Mayoral,€9.00m
Noussair Mazraoui,€32.00m
Pasquale Mazzocchi,€3.00m
Kevin Mbabu,€4.00m
Kylian Mbappé,€170.00m
Mamadou Mbaye,€200k
Chancel Mbemba,€3.00m
Bryan Mbeumo,€50.00m
Jason Mbock,€150k
Nathanael Mbuku,€2.00m
John McGinn,€18.00m
Scott McKenna,€5.00m
Weston McKennie,€24.00m
Dwight McNeil,€25.00m
Scott McTominay,€40.00m
Gary Medel,€200k
Facundo Medina,€25.00m
Ben Mee,€900k
Bamo Meïté,€5.00m
Soualiho Meïté,€2.50m
Farid El Melali,€4.00m
Gonzalo Melero,€1.00m
Birger Meling,€3.50m
Memphis,€10.00m
Houboulang Mendes,€1.00m
Nuno Mendes,€55.00m
Thiago Mendes,€3.50m
Brais Méndez,€28.00m
Diego Méndez,€100k
Antoine Mendy,€3.00m
Arial Mendy,€400k
Batista Mendy,€10.00m
Edouard Mendy,€6.00m
Ferland Mendy,€18.00m
Nampalys Mendy,€2.00m
Gideon Mensah,€3.50m
Chris Mepham,€6.00m
Alex Meret,€12.00m
Mikel Merino,€35.00m
Quentin Merlin,€12.00m
Yýldýrým Mert Çetin,Not Found
Roque Mesa,€600k
Illan Meslier,€16.00m
Lionel Messi,€20.00m
Junior Messias,€2.00m
Thomas Meunier,€2.00m
Alexander Meyer,€800k
Sven Michel,€600k
Alexander Mighten,€500k
Tommaso Milanese,€750k
Nikola Milenkovi?,€28.00m
Arkadiusz Milik,€2.00m
Sergej Milinkovi?-Savi?,€20.00m
Vanja Milinkovi?-Savi?,€12.00m
Éder Militão,€40.00m
Luka Milivojevi?,€900k
Luis Milla,-
Pere Milla,€1.50m
Enzo Millot,€35.00m
James Milner,€1.00m
Marko Milovanovi?,€600k
Kim Min-jae,Not Found
Yerry Mina,€3.00m
Takumi Minamino,€15.00m
Tyrone Mings,€6.00m
Óscar Mingueza,€20.00m
Rafa Mir,€800k
Aleksei Miranchuk,€10.00m
Juan Miranda,€11.00m
Fabio Miretti,€14.00m
Tyrick Mitchell,€25.00m
Kaoru Mitoma,€45.00m
Aleksandar Mitrovi?,€25.00m
Stefan Mitrovi?,€1.80m
Maximilian Mittelstädt,€20.00m
Henrikh Mkhitaryan,€4.00m
Anthony Modeste,€200k
Luka Modri?,€5.00m
Terem Moffi,€15.00m
Mostafa Mohamed,€6.00m
Tobias Mohr,€500k
Johan Mojica,€2.20m
Clinton Mola,€400k
Nahuel Molina,€25.00m
Salvatore Molina,€400k
Florent Mollet,€1.50m
Jon Moncayola,€7.00m
Monchu,€5.00m
César Montes,€5.00m
Daniele Montevago,€300k
Gonzalo Montiel,€5.00m
Lorenzo Montipò,€3.00m
Martín Montoya,€600k
Kieffer Moore,€1.20m
Andrew Moran,€3.00m
Álvaro Morata,€13.00m
Jon Morcillo,€1.20m
Alberto Moreno,€1.80m
Álex Moreno,€11.00m
Diego Moreno,-
Gerard Moreno,€5.00m
Marlos Moreno,€500k
Tete Morente,€2.00m
Ilaix Moriba,€4.00m
Manu Morlanes,€2.50m
Nikola Moro,€5.00m
Loren Morón,€3.00m
Cristhian Mosquera,€30.00m
Dany Mota,€5.00m
Lebo Mothiba,€1.20m
Youssoufa Moukoko,€10.00m
Steve Mounié,€3.00m
Mason Mount,€28.00m
Lucas Moura,€5.00m
Bevic Moussiti-Oko,€200k
João Moutinho,€600k
Samuel Moutoussamy,€2.00m
Divin Mubama,€4.00m
Mykhailo Mudryk,Not Found
Nordi Mukiele,€10.00m
Mert Müldür,€6.00m
Florian Müller,€1.20m
Thomas Müller,€6.00m
Abdul Mumin,€5.00m
Marshall Munetsi,€15.00m
Iker Muniain,€4.00m
Aihen Muñoz,€5.00m
Pablo Muñoz,€150k
Luis Muriel,€1.80m
Jeison Murillo,€750k
Vedat Muriqi,€8.00m
Jacob Murphy,€16.00m
Nicola Murru,€500k
Yunus Musah,€22.00m
Jamal Musiala,€140.00m
Juan Musso,€4.00m
Suliman Mustapha,Not Found
Yvon Mvogo,€3.00m
Enock Mwepu,-
Vitaliy Mykolenko,€28.00m
Joakim Mæhle,Not Found
Obite N'Dicka,Not Found
Nathan N'Goumou,Not Found
Stanley N'Soki,Not Found
Nacho,€2.50m
Nikolas Nartey,€400k
Juanjo Narváez,€450k
Matija Nastasi?,€1.00m
Roberto Navarro,-
Jesús Navas,-
Keylor Navas,€1.00m
Michel Ndary Adopo,€3.00m
Youssouf Ndayishimiye,€12.00m
Papa Ndiaga Yade,€650k
Wilfred Ndidi,€18.00m
Tanguy Ndombele,€10.00m
Álvaro Negredo,-
Reiss Nelson,€18.00m
Ilija Nestorovski,€200k
Neto,-
Pedro Neto,€50.00m
Luca Netz,€7.00m
Manuel Neuer,€4.00m
Florian Neuhaus,€3.50m
Rúben Neves,€28.00m
Neymar,€15.00m
Jessic Ngankam,€1.50m
Cyril Ngonge,€10.00m
Moussa Niakhate,€15.00m
Ibrahima Niane,€1.50m
M'Baye Niang,€1.50m
Tanguy Nianzou,€3.00m
Rasmus Nicolaisen,€5.00m
Hans Nicolussi Caviglia,€8.00m
Florian Niederlechner,€500k
Saúl Ñíguez,€3.50m
Dimitris Nikolaou,€1.60m
Fernando Niño,€2.00m
Rasmus Nissen,€10.00m
Justin Njinmah,€7.00m
Eddie Nketiah,€22.00m
Christopher Nkunku,€45.00m
Lukas Nmecha,€3.00m
Diego Noguerol,Not Found
Arnaud Nordin,€6.00m
Riad Nouri,-
Hugo Novoa,€2.00m
Randy Ntekja,Not Found
Alexander Nübel,€12.00m
Matheus Nunes,€35.00m
Darwin Núñez,€50.00m
Unai Núñez,€3.00m
Bram Nuytinck,€450k
Ethan Nwaneri,€55.00m
Gerzino Nyamsi,€6.00m
Ørjan Nyland,€1.00m
M'Bala Nzola,€8.00m
Christian Nørgaard,€12.00m
Lewis O'Brien,€5.00m
Pedro Obiang,€500k
Jan Oblak,€25.00m
Brian Ocampo,€1.00m
Lucas Ocampos,€6.50m
Guillermo Ochoa,€800k
Wilson Odobert,€18.00m
Tim Oermann,€5.00m
Angelo Ogbonna,€300k
Florent Ogier,€275k
David Okereke,€2.20m
Caleb Okoli,€12.00m
Olasagasti,€2.50m
Lucas Olaza,€3.50m
Finn Ole Becker,€2.00m
Mathias Olesen,€1.00m
Michael Olise,€80.00m
Brian Oliván,€2.00m
Lucas Oliveira Rosa,€3.00m
Mathías Olivera,€18.00m
Dani Olmo,€60.00m
Robin Olsen,€1.50m
Warmed Omari,€4.00m
Jonas Omlin,€2.50m
Ado Onaiwu,€1.80m
Amadou Onana,€55.00m
André Onana,€32.00m
Jean Onana,€3.00m
Karim Onisiwo,€1.00m
Josh Onomah,€350k
Paul Onuachu,€8.00m
Frank Onyeka,€7.00m
Loïs Openda,€60.00m
Willi Orban,€10.00m
Ivan Ordets,€1.80m
Divock Origi,€2.50m
Aimar Oroz,€15.00m
Mislav Ori?,Not Found
Riccardo Orsolini,€20.00m
Pedro Ortiz,€300k
Jordi Osei-Tutu,€375k
Victor Osimhen,€70.00m
Patrick Osterhage,€8.50m
Paulo Otávio,€3.20m
Dango Ouattara,€25.00m
Remi Oudin,€2.50m
Zinédine Ould Khaled,€300k
Azzedine Ounahi,€10.00m
Adam Ounas,€3.00m
Thomas Ouwejan,€1.20m
Reece Oxford,€500k
Alex Oxlade-Chamberlain,€2.20m
Mikel Oyarzabal,€30.00m
Salih Özcan,€5.00m
Cenk Özkacar,€1.50m
David Ozoh,€700k
Levin Öztunalý,Not Found
Fernando Pacheco,€900k
Jon Pacheco,€7.50m
Gonçalo Paciência,€1.40m
Simone Pafundi,€6.00m
Exequiel Palacios,€40.00m
Helibelton Palacios,€900k
Ante Palaversa,€600k
Isaac Palazón Camacho,€4.00m
João Palhinha,€40.00m
Nicolas Pallois,€500k
Cole Palmer,€130.00m
Erik Palmer-Brown,€1.00m
Emerson Palmieri,€12.00m
Milo Pantovi?,Not Found
Flavio Paoletti,€900k
Antonios Papadopoulos,€3.50m
Lucas Paquetá,€35.00m
Aitor Paredes,€22.00m
Kevin Paredes,€7.50m
Leandro Paredes,€5.00m
Daniel Parejo,€2.00m
Fabiano Parisi,€5.00m
Moises Parra Gutierrez,€50k
Raúl Parra,€200k
Thomas Partey,€15.00m
Marco Paali?,Not Found
Mario Paali?,Not Found
Felix Passlack,€2.50m
Javier Pastore,-
Patric,-
Rui Patrício,€1.00m
Nathan Patterson,€15.00m
Paulinho,-
Gabriel Paulista,€1.10m
Benjamin Pavard,€30.00m
Ji?í Pavlenka,€1.20m
Dimitri Payet,€1.00m
Ben Pearson,€1.80m
Kristian Pedersen,€800k
Mads Pedersen,€2.50m
Alfonso Pedraza,€2.50m
Pedri,€120.00m
Pedro,€1.00m
Jordan Pefok,€3.00m
Gianluca Pegolo,-
Peter Pekarík,€175k
Pietro Pellegri,€2.50m
Lorenzo Pellegrini,€14.00m
Luca Pellegrini,€2.50m
Facundo Pellistri,€10.00m
Timothee Pembele,€2.50m
Rubén Peña,€1.80m
Patrick Pentz,€3.00m
Nicolas Pépé,€6.00m
Ricardo Pepi,€18.00m
Pepín,€500k
Alberto Perea,€200k
Juan Perea,€2.00m
Andreas Pereira,€20.00m
Brayann Pereira,€1.30m
Danilo Pereira,€5.00m
Mathias Pereira Lage,€2.00m
Ricardo Pereira,€5.00m
Roberto Pereyra,€1.50m
Ayoze Pérez,€10.00m
Carles Pérez,€2.50m
Francisco Perez,€4.00m
Kike Pérez,€2.80m
Lucas Pérez,€500k
Luis Pérez,-
Nehuén Pérez,€13.00m
Mattia Perin,€3.00m
Ivan Perii?,Not Found
Romain Perraud,€5.00m
Gaëtan Perrin,€6.00m
Lucas Perrin,€1.80m
Matteo Pessina,€9.00m
Andrea Petagna,€1.40m
Nils Petersen,-
Lukas Petkov,€800k
Germán Pezzella,€2.30m
Giuseppe Pezzella,€2.50m
Luca Pfeiffer,€600k
Maximilian Philipp,€1.00m
Kalvin Phillips,€15.00m
Nathaniel Phillips,€3.50m
Krzysztof Pi?tek,€7.00m
Roberto Piccoli,€8.00m
Charles Pickel,€2.40m
Jordan Pickford,€20.00m
Amos Pieper,€3.00m
Ronaël Pierre-Gabriel,€3.50m
Andrea Pinamonti,€16.00m
Ethan Pinnock,€8.00m
Yeremi Pino,Not Found
Gerard Piqué,-
Lorenzo Pirola,€5.50m
Marko Pjaca,€2.70m
Óscar Plano,€600k
Gonzalo Plata,€7.00m
Marvin Plattenhardt,-
Alassane Pléa,€6.00m
Tommaso Pobega,€10.00m
Daniel Podence,€7.00m
Joel Pohjanpalo,€5.00m
Matteo Politano,€10.00m
Sebastian Polter,€300k
Ezequiel Ponce,€7.00m
Julien Ponceau,€3.50m
Marin Pongra?i?,€10.00m
Nick Pope,€10.00m
?ukasz Por?ba,€1.00m
Jackson Porozo,€1.80m
Pedro Porro,€45.00m
Francisco Portillo,€300k
Portu,€2.50m
Stefan Posch,€10.00m
Yussuf Poulsen,€5.00m
José Pozo,-
Alejandro Pozo Pozo,€1.50m
Dennis Praet,€3.00m
Abdón Prats,€1.50m
Sanjin Prci?,€400k
Isaac Price,€3.00m
Grischa Prömel,€4.50m
Ivan Provedel,€7.00m
Javi Puado,€8.00m
Mehdi Puch Herrantz,Not Found
Tymoteusz Puchacz,€1.70m
Arnau Puigmal,€1.50m
Christian Pulisic,€50.00m
Ignacio Pussetto,€2.20m
Niklas Pyyhtiä,€1.00m
Fabio Quagliarella,-
Giacomo Quagliata,€1.00m
Joshua Quarshie,€1.20m
Ghjuvanni Quilichini,€100k
Domingos Quina,€1.00m
Adrien Rabiot,€25.00m
Nemanja Radonji?,€3.50m
Ivan Radovanovi?,-
Ionu? Radu,€2.50m
Antonio Raillo,€2.00m
Predrag Rajkovi?,€9.00m
Ivan Rakiti?,€2.00m
Diant Ramaj,€7.00m
Largie Ramazani,€7.50m
Adil Rami,-
Chris Ramos,€3.00m
Sergio Ramos,€1.50m
Aaron Ramsdale,€16.00m
Aaron Ramsey,€800k
Jacob Ramsey,€32.00m
Luca Ranieri,€12.00m
Andrea Ranocchia,-
Filippo Ranocchia,€4.00m
Lilian Raolisoa,€700k
Raphinha,€80.00m
Nicolai Rapp,€1.00m
Elba Rashani,€800k
Marcus Rashford,€50.00m
Giacomo Raspadori,€20.00m
Rafael Ratão,€2.50m
David Raum,€25.00m
Rayan Raveloson,€2.00m
David Raya,€40.00m
Tim Ream,€400k
Ante Rebi?,€1.50m
Arkadiusz Reca,€1.00m
Nathan Redmond,€2.50m
Harrison Reed,€7.00m
Sergio Reguilón,€8.00m
Bobby Reid,€4.00m
Pepe Reina,€600k
Jeff Reine-Adélaïde,€1.50m
Reinier,€2.00m
Rocco Reitz,€15.00m
Karim Rekik,€2.50m
Álex Remiro,€25.00m
Panagiotis Retsos,€4.50m
Marco Reus,€4.00m
Alejandro Revuelta Montero,€100k
Elvis Rexhbeçaj,€3.50m
Gio Reyna,€10.00m
Chadi Riad,€15.00m
Nico Ribaudo,Not Found
Alexsandro Ribeiro,€15.00m
Franck Ribéry,-
Samuele Ricci,€30.00m
Declan Rice,€110.00m
Chris Richards,€12.00m
Richarlison,€25.00m
Marco Richter,€2.00m
Diego Rico,€1.30m
Jaïro Riedewald,€2.20m
Manuel Riemann,€300k
Tomás Rincón,€250k
Rémy Riou,€150k
Renaud Ripart,€600k
Rodrigo Riquelme,€18.00m
Matt Ritchie,€350k
Sergi Roberto,€2.00m
Lucas Robertone,€5.00m
Andrew Robertson,€20.00m
Antonee Robinson,€35.00m
Joel Roca,€500k
Marc Roca,€8.00m
Enzo Roco,€900k
Marek Rodák,€2.80m
Sebastian Rode,-
Joe Rodon,€10.00m
Rodri,€130.00m
Rodrigo,€130.00m
Ángel Rodríguez,€200k
Óscar Rodríguez Arnaiz,€2.00m
Dani Rodríguez,€900k
Guido Rodríguez,€12.00m
Pablo Rodríguez,-
Ricardo Rodríguez,€2.50m
Rodrygo,€100.00m
Mads Roerslev,€8.00m
Agustín Rogel,€600k
Rogério,-
Alessio Romagnoli,€12.00m
Cristian Romero,€55.00m
Iván Romero,€1.20m
Luka Romero,€3.50m
Oriol Romeu,€1.80m
Cristiano Ronaldo,€12.00m
Connor Ronan,€1.50m
Salomón Rondón,€800k
Valentin Rongier,€9.00m
Marten de Roon,€7.00m
Pablo Rosario,€8.00m
Tom Rothe,€10.00m
Joe Rothwell,€2.00m
Anthony Rouault,€10.00m
Jérôme Roussillon,€1.20m
Nicolò Rovella,€28.00m
Amir Rrahmani,€12.00m
Ruan,€5.00m
Rubén,€70.00m
Antonio Rüdiger,€24.00m
Sebastian Rudy,-
Daniele Rugani,€3.50m
Matteo Ruggeri,€20.00m
Mário Rui,€800k
Aitor Ruibal,€3.50m
Kays Ruiz,€400k
Fabián Ruiz Peña,€35.00m
Víctor Ruiz,€250k
Gerónimo Rulli,€8.00m
Franco Russo,€900k
Georginio Rutter,€32.00m
Julian Ryerson,€20.00m
Frederik Rønnow,€4.00m
José Sá,-
Youssouf Sabaly,€2.00m
Halid abanovi?,Not Found
Abdelhamid Sabiri,€1.50m
Marcel Sabitzer,€10.00m
Falaye Sacko,€2.00m
Umar Sadiq,€5.00m
Alexis Saelemaekers,€17.00m
Wesley Saïd,€3.50m
Allan Saint-Maximin,€15.00m
Théo Sainte-Luce,€800k
Samuel Sáiz,€250k
Bukayo Saka,€150.00m
Hamza Sakhi,€1.30m
Mamadou Sakho,€300k
Jacopo Sala,€50k
Ibrahim Salah,€4.00m
Mohamed Salah,€55.00m
Amine Salama,€1.80m
William Saliba,€80.00m
Dikeni Salifou,€400k
Mohammed Salisu,€15.00m
Roland Sallai,€11.00m
Yoann Salmier,€1.00m
Salvi,€1.20m
Lazar Samardzic,€20.00m
Diadie Samassékou,€1.00m
Mama Samba Baldé,€4.50m
Brice Samba,€15.00m
Albert Sambi Lokonga,€9.00m
Junior Sambia,€1.40m
Samuel,€2.00m
Fede San Emeterio,€1.00m
Antonio Sanabria,€4.00m
Leandro Sanca,€400k
Oihan Sancet,€60.00m
Renato Sanches,€4.00m
Alexis Sánchez,€2.00m
Antonio Sánchez,€2.50m
Davinson Sánchez,€19.00m
Iván Sánchez,-
Javi Sánchez,€1.80m
Manuel Sánchez,€6.00m
Robert Sánchez,€20.00m
Jadon Sancho,€30.00m
Alex Sandro,€1.80m
Leroy Sané,€38.00m
Sidi Sané,€350k
Morgan Sanson,€5.00m
Nicola Sansone,€400k
Baptiste Santamaria,€7.00m
Riccardo Saponara,€400k
Pablo Sarabia,€7.00m
Muhammed Saracevic Cham,Not Found
Jeremy Sarmiento,€7.00m
Amin Sarr,€4.00m
Malang Sarr,€5.00m
Martin Satriano,€5.00m
Téji Savanier,€3.00m
Esteban Saveljich,€200k
Stefan Savi?,€1.10m
Joe Scally,€10.00m
Giorgio Scalvini,€35.00m
Gianluca Scamacca,€24.00m
Gustavo Scarpa,€8.00m
Kevin Schade,€27.00m
András Schäfer,€5.00m
Fabian Schär,€9.00m
Derry Scherhant,€2.00m
Patrik Schick,€27.00m
Kingsley Schindler,€900k
Xaver Schlager,€18.00m
Keven Schlotterbeck,€7.00m
Nico Schlotterbeck,€40.00m
Jeffrey Schlupp,€5.00m
Kasper Schmeichel,€750k
Romano Schmid,€15.00m
Niklas Schmidt,€2.00m
Benno Schmitz,€500k
Jerdy Schouten,€25.00m
Perr Schuurs,€10.00m
Marvin Schwäbe,€1.50m
Alexander Schwolow,€700k
Demba Seck,€1.00m
Haris Seferovi?,€2.50m
Jacopo Segre,€2.50m
Paul Seguin,€1.20m
Alidu Seidu,€9.00m
Davie Selke,€3.00m
Matz Sels,€7.00m
Nélson Semedo,€10.00m
Vivaldo Semedo,€350k
Antoine Semenyo,€35.00m
Marvin Senaya,€1.80m
Marcos Senesi,€24.00m
Stefano Sensi,€1.50m
Jaime Seoane,€2.00m
Luigi Sepe,€400k
Suat Serdar,€5.00m
Leonardo Sernicola,€2.00m
Ryan Sessegnon,€9.00m
Stephan El Shaarawy,€5.00m
Luke Shaw,€16.00m
Jonjo Shelvey,€1.30m
Eldor Shomurodov,€4.00m
Kaj Sierhuis,€1.50m
Vincent Sierro,€4.00m
Kiliann Sildillia,€10.00m
André Silva,€5.00m
Bernardo Silva,€45.00m
Caio Henrique Oliveira Silva,€15.00m
David Silva,-
Rui Silva,€6.00m
Thiago Silva,€800k
Marco Silvestri,€500k
Abdallah Sima,€10.00m
Mohamed Simakan,€28.00m
Giovanni Simeone,€8.00m
Ellis Simms,€6.50m
Eduardo Simões,-
Moses Simon,€12.00m
Unai Simón,€28.00m
Lassine Sinayoko,€3.50m
Wilfried Singo,€25.00m
Luis Sinisterra,€17.00m
Daley Sinkgraven,€700k
Tobias Sippel,€300k
Hugo Siquet,€3.50m
Ibrahima Sissoko,€6.00m
Moussa Sissoko,€800k
Tim Skarke,€2.50m
Ellyes Skhiri,€9.00m
Oliver Skipp,€12.00m
Leo Skiri Østigård,€7.00m
?ukasz Skorupski,€2.50m
Robert Skov,€4.00m
Milan kriniar,Not Found
Naatan Skyttä,€2.50m
Islam Slimani,€700k
Chris Smalling,€2.00m
Adam Smith,€1.00m
Emile Smith Rowe,€32.00m
Hrvoje Smol?i?,€2.50m
Cédric Soares,€1.20m
Danilo Soares,€500k
Eduard Sobol,€1.20m
Rubén Sobrino,€1.00m
Alex Sola,€3.00m
Dominic Solanke,€45.00m
Augusto Solari,€300k
Ola Solbakken,€2.50m
Nikola Soldo,€350k
Carlos Soler,€20.00m
François-Joseph Sollacaro,€400k
Manor Solomon,€12.00m
Yann Sommer,€4.00m
Brandon Soppy,€1.50m
David Soria,€4.00m
Roberto Soriano,€900k
Borna Sosa,€6.00m
Joaquin Sosa,€1.20m
Florian Sotoca,€2.50m
Riccardo Sottil,€6.00m
Tomá Sou?ek,Not Found
Matìas Soulé,€22.00m
Moussa Soumano,€1.00m
Adama Soumaoro,€800k
Boubakary Soumaré,€14.00m
Arnaud Souquet,€700k
Dyego Sousa,€100k
Harry Souttar,€8.00m
Vinicius Souza,€2.00m
Djibril Sow,€7.50m
Çaðlar Söyüncü,Not Found
Kevin Spadanuda,€800k
Djed Spence,€15.00m
Stijn Spierings,€3.50m
Leonardo Spinazzola,€3.50m
Marco Sportiello,€1.50m
Jack Stacey,€2.80m
Anton Stach,€14.00m
Kostas Stafylidis,Not Found
Jens Stage,€12.00m
Josip Stanii?,Not Found
Junior Stanislas,-
Jay Stansfield,€9.00m
Niklas Stark,€5.00m
Calvin Stengs,€8.00m
Pascal Stenzel,€2.50m
Jack Stephens,€2.00m
Raheem Sterling,€15.00m
Angelo Stiller,€38.00m
Lars Stindl,-
Kevin Stöger,€4.50m
Petar Stojanovi?,€1.00m
John Stones,€30.00m
Jørgen Strand Larsen,€27.00m
Gabriel Strefezza,€6.00m
Dávid Strelec,€6.50m
Pascal Struijk,€16.00m
Cristhian Stuani,€1.20m
Damián Suárez,€150k
Denis Suárez,€1.30m
Mario Suárez,-
Gabriel Suazo,€4.00m
Isaac Success,€1.40m
Niklas Süle,€8.00m
Ibrahim Sulemana,€6.00m
Kamaldeen Sulemana,€13.00m
Crysencio Summerville,€22.00m
Ivan unji?,Not Found
Sam Surridge,€5.00m
Suso,€2.50m
Mattias Svanberg,€12.00m
Williot Swedberg,€5.00m
Issiaga Sylla,€2.00m
Wojciech Szcz?sny,€1.00m
Dominik Szoboszlai,€80.00m
Alexander Sørloth,€25.00m
Nicolás Tagliafico,€7.00m
Jonathan Tah,€30.00m
Benjamin Tahirovic,€3.50m
Waniss Taibi,€1.20m
Flavien Tait,€600k
Montassar Talbi,€5.00m
Adrien Tameze,€3.50m
Japhet Tanganga,€1.80m
Renato Tapia,€3.50m
Edmond Tapsoba,€40.00m
Florian Tardieu,€700k
Matt Targett,€8.00m
James Tarkowski,€10.00m
Ciprian T?t?ru?anu,-
Niklas Tauer,€600k
Nuno Tavares,€25.00m
Marcus Tavernier,€20.00m
Enzo Tchato,€2.50m
Aurélien Tchouaméni,€80.00m
Mathys Tel,€40.00m
Semir Telalovic,€900k
Alex Telles,€4.50m
Marc-André ter Stegen,€15.00m
Simon Terodde,-
Filippo Terracciano,€4.50m
Pietro Terracciano,€1.50m
Ramón Terrats,€4.00m
Martin Terrier,€17.00m
Aleksa Terzi?,€3.00m
Tetê,€11.00m
Kenny Tete,€15.00m
Florian Thauvin,€5.00m
Arthur Theate,€24.00m
Malick Thiaw,€20.00m
Jan Thielmann,€3.00m
Sada Thioub,€400k
Luke Thomas,€6.00m
Adrien Thomasson,€5.00m
Morten Thorsby,€3.00m
Kristian Thorstvedt,€9.00m
Marcus Thuram,€75.00m
Khéphren Thuram-Ulie,€40.00m
Alexis Tibidi,€500k
Youri Tielemans,€35.00m
Kieran Tierney,€10.00m
Steffen Tigges,€700k
Jean-Clair Todibo,€28.00m
Harry Toffolo,€4.00m
Umut Tohumcu,€7.00m
Karl Toko Ekambi,€3.00m
Corentin Tolisso,€10.00m
Jeremy Toljan,€2.50m
Rafael Tolói,€1.50m
Raúl de Tomás,€800k
Tiago Tomás,€37.00m
Takehiro Tomiyasu,€25.00m
James Tomkins,-
Fikayo Tomori,€20.00m
Sandro Tonali,€45.00m
Ivan Toney,€28.00m
Pablo Torre,€7.50m
David Torres,€1.40m
Ferrán Torres,€28.00m
Óliver Torres,€4.50m
Pau Torres,€40.00m
Roberto Torres,€150k
Lucas Torró,€3.50m
Nabil Touaizi,€200k
Almamy Touré,€700k
Birama Touré,€1.00m
Souleymane Touré,-
Lucas Tousart,€4.00m
Yoann Touzghar,€150k
Adama Traoré,€10.00m
Boubacar Traoré,€6.00m
Charles Traore,€150k
Hamari Traoré,€3.00m
Kevin Trapp,€3.00m
Mark Travers,€4.00m
Óscar Trejo,€800k
Manu Trigueros,€600k
Christopher Trimmel,€600k
Kieran Trippier,€5.00m
William Troost-Ekong,€1.80m
Leandro Trossard,€30.00m
Adrien Truffert,€15.00m
Frank Tsadjout,€600k
Kostas Tsimikas,€20.00m
Theocharis Tsingaras,€1.00m
Viktor Tsyhankov,€22.00m
Alessandro Tuia,€200k
Beñat Turrientes,€16.00m
Tuta,€15.00m
Iyenoma Udogie,Not Found
Ike Ugbo,€2.80m
Chimuanya Ugochukwu,€20.00m
Sven Ulreich,€500k
Lauren Ulrich,Not Found
Samuel Umtiti,€2.00m
Enes Ünal,€13.00m
Deniz Undav,€22.00m
Cengiz Ünder,€7.50m
Dayot Upamecano,€50.00m
Filip Uremovi?,€3.00m
Oscar Ureña,€300k
Jere Uronen,€1.00m
Mark Uth,€350k
Josha Vagnoman,€12.00m
Diego Valencia,€900k
Óscar Valentín,€3.50m
Emanuele Valeri,€3.00m
Valery,€1.00m
Yan Valery,€1.00m
Enrique Valiente,Not Found
Martin Valjent,€6.00m
Manu Vallejo,€500k
Mattia Valoti,€1.00m
Federico Valverde,€130.00m
Virgil van Dijk,€28.00m
Vanderson,€20.00m
Raphaël Varane,-
Jamie Vardy,€1.00m
Ruben Vargas,€7.00m
Johan Vásquez,€12.00m
Jesus Vazquez,€3.00m
Kevin Vázquez,€600k
Lucas Vázquez,€3.50m
Matías Vecino,€2.50m
Gabriel Veiga,€23.00m
Renato Veiga,€18.00m
Milo Veljkovi?,Not Found
Miguel Veloso,-
Joël Veltman,€7.00m
Mickey van de Ven,Not Found
Unai Vencedor Paris,€2.20m
Lorenzo Venuti,€800k
Daniele Verde,€1.30m
Simone Verdi,€2.00m
Gonzalo Verdú,€50k
Jordan Veretout,€5.00m
Marco Verratti,€13.00m
Valerio Verre,€500k
Mikel Vesga,€3.00m
Guglielmo Vicario,€35.00m
João Victor,€40.00m
Aleix Vidal,-
Clément Vidal,€700k
Nacho Vidal,€1.50m
Gabriel Vidovic,€3.00m
Fabio Vieira,€22.00m
Ronaldo Vieira,€400k
Emanuel Vignato,€800k
Samuele Vignato,€3.50m
Tonny Vilhena,€1.50m
Toni Villa,€1.00m
Asier Villalibre,€1.80m
Gonzalo Villar,€2.00m
Iván Villar,€900k
Matías Viña,€10.00m
Rúben Vinagre,€4.50m
Carlos Vinícius,€4.00m
Alan Virginius,€3.00m
Mattia Viti,€6.50m
Vitinha,€60.00m
Daniel Vivian,€40.00m
Duan Vlahovi?,Not Found
Nikola Vlai?,Not Found
Joel Voelkerling Persson,€350k
Kevin Vogt,€2.00m
Mërgim Vojvoda,€3.00m
Kevin Volland,€1.80m
Cristian Volpato,€4.00m
Aster Vranckx,€9.00m
Stefan de Vrij,€7.00m
Robert Wagner,€3.00m
Walace,€5.00m
Theo Walcott,-
Luca Waldschmidt,€1.50m
Kyle Walker,€6.00m
Kyle Walker-Peters,€18.00m
Sebastian Walukiewicz,€5.00m
Aaron Wan-Bissaka,€22.00m
Paul Wanner,€18.00m
Danny Ward,€1.50m
Joel Ward,€600k
James Ward-Prowse,€10.00m
Ollie Watkins,€50.00m
Timothy Weah,€17.00m
Adam Webster,€12.00m
Wout Weghorst,€5.00m
Julian Weigl,€6.00m
Nelson Weiper,€6.00m
Mitchell Weiser,€5.00m
Noah Weißhaupt,€5.00m
Shon Weissman,€1.40m
Danny Welbeck,€5.00m
Marcel Wenig,€500k
Timo Werner,€10.00m
Ben White,€50.00m
Harvey White,€300k
Silvan Widmer,€1.50m
Mateusz Wieteska,€2.20m
Georginio Wijnaldum,€3.50m
Iñaki Williams,€20.00m
Neco Williams,€20.00m
Nico Williams,€70.00m
Willian,€1.00m
Joe Willock,€28.00m
Callum Wilson,€11.00m
Harry Wilson,€17.00m
Patrick Wimmer,€15.00m
Jonas Wind,€15.00m
Harry Winks,€10.00m
Frederik Winther,€800k
Florian Wirtz,€140.00m
Przemys?aw Wi?niewski,€2.00m
Yoane Wissa,€30.00m
Axel Witsel,€2.50m
Maximilian Wöber,€8.00m
Hannes Wolf,€3.00m
Marius Wolf,€3.00m
Jeong Woo-yeong,Not Found
Chris Wood,€10.00m
Christopher Wooh,€7.00m
Joe Worrall,€5.50m
Xeka,€2.00m
Granit Xhaka,€17.00m
Jawad El Yamiq,€1.50m
Ryan Yates,€13.00m
Yusuf Yazýcý,Not Found
Kelvin Yeboah,€5.00m
Gerard Yepes,€2.00m
Darlin Yongwa,€3.00m
Leny Yoro,€55.00m
Maya Yoshida,€300k
Ashley Young,€500k
Mohamed Youssouf,€150k
Mattia Zaccagni,€20.00m
Dan-Axel Zagadou,€6.00m
Wilfried Zaha,€8.00m
Warren Zaire-Emery,€60.00m
Denis Zakaria,€30.00m
Rodrigo Zalazar,€16.00m
Joseba Zaldúa,€500k
Nicola Zalewski,€10.00m
Andre-Frank Zambo Anguissa,€27.00m
Oliver Zandén,€700k
Luca Zanimacchia,€1.40m
Nicolò Zaniolo,€16.00m
Alessandro Zanoli,€6.00m
Duván Zapata,€4.00m
Davide Zappacosta,€6.00m
Oier Zarraga,€2.00m
Akim Zedadka,€1.00m
Mehdi Zeffane,€300k
Aaron Zehnter,€5.00m
Jordan Zemura,€5.00m
Arber Zeneli,€1.50m
Robin Zentner,€4.00m
Alessio Zerbin,€4.00m
Michael Zetterer,€4.50m
Nathan Zeze,€12.00m
Edon Zhegrova,€25.00m
Piotr Zieli?ski,€14.00m
David Zima,€5.50m
Oleksandr Zinchenko,€22.00m
Joshua Zirkzee,€35.00m
Hakim Ziyech,€5.00m
Jeroen Zoet,€400k
Simon Zoller,€300k
Nadir Zortea,€4.50m
Kurt Zouma,€12.00m
Petar Zovko,€50k
Igor Zubeldia,€18.00m
Martín Zubimendi,€60.00m
Szymon ?urkowski,€2.50m
Martin Ødegaard,€100.00m
Milan ?uri?,Not Found
Filip ?uri?i?,€1.50m
